STT,Họ tên,Mã HS,Ghi chú
1,Lê Hoàng Phúc,11A2-001,Lớp trưởng
2,Nguyễn Thị Thuỳ Linh,11A2-002,Lớp phó học tập
3,Phạm Văn Đại,11A2-003,
4,Trần Thị Kim Ngân,11A2-004,
5,Hoàng Đức Mạnh,11A2-005,Tổ trưởng tổ 1
6,Vũ Thị Bảo Trâm,11A2-006,
7,Đỗ Minh Quang,11A2-007,
8,Ngô Thị Hải Đường,11A2-008,
9,Bùi Văn Khoa,11A2-009,
10,Lý Thị Thanh Thúy,11A2-010,Tổ trưởng tổ 2
11,Mai Quốc Hưng,11A2-011,
12,Đinh Thị Minh Nguyệt,11A2-012,
13,Trương Đức Phát,11A2-013,
14,Đặng Thị Ngọc Hà,11A2-014,
15,Hà Minh Tuấn,11A2-015,Tổ trưởng tổ 3
16,Cao Thị Hoài Thu,11A2-016,
17,Tô Văn Đức,11A2-017,
18,Phan Thị Yến Nhi,11A2-018,
19,Lương Hoàng Anh,11A2-019,
20,Châu Thị Bích Phượng,11A2-020,Tổ trưởng tổ 4
21,Nguyễn Đức Thịnh,11A2-021,
22,Trịnh Thị Tuyết Nhung,11A2-022,
23,Võ Quốc Cường,11A2-023,
24,Dương Thị Thanh Ngọc,11A2-024,
25,Lê Minh Hiếu,11A2-025,
26,Trần Thị Bích Huyền,11A2-026,
27,Nguyễn Hoàng Sơn,11A2-027,
28,Phạm Thị Hồng Nhung,11A2-028,
29,Hoàng Văn Tài,11A2-029,
30,Đỗ Thị Phương Anh,11A2-030,
31,Vũ Đức Toàn,11A2-031,
32,Bùi Thị Ngọc Diệp,11A2-032,
33,Lý Minh Châu,11A2-033,
34,Mai Thị Hương Giang,11A2-034,
35,Đinh Hoàng Khải,11A2-035,
36,Cao Thị Mỹ Hạnh,11A2-036,
37,Phan Văn Nghĩa,11A2-037,Lớp phó lao động
38,Ngô Thị Thanh Tâm,11A2-038,
39,Đặng Minh Quân,11A2-039,
40,Hà Thị Huyền Trâm,11A2-040,Bí thư Đoàn
