Module,Test classification,Test item,Environment condition,Test ,Steps,Expected,Actual,Remark,Ảnh minh họa,Trạng thái kiểm tra (Verify),Chi tiết mã nguồn & Nguyên nhân chưa sửa
Phiên dạy,Functional Testing,Chức năng các nút trên thanh công cụ phiên dạy,Lớp học,Kiểm tra hoạt động các chức năng,"1. Vào mục “Phiên dạy”
2. Bấm các nút trên thanh công cụ: “Tin nhắn”, “Quiz nhanh”, “Im lặng click”",Các nút phải mở đúng chức năng hoặc thực hiện hành động tương ứng,"Chỉ các nút “Quảng bá màn hình”, “Khóa tất cả”, “Mở khóa”, “Phát bài hoạt động” hoạt động. Các nút “Tin nhắn”, “Quiz nhanh”, “Im lặng click” không có phản hồi khi bấm",Có thể chưa xử lý sự kiện click ,,CHƯA SỬA,"Các nút 'Tin nhắn', 'Quiz nhanh', 'Im lặng' trên thanh công cụ phiên dạy của ClassroomPage.xaml chưa được gán bất kỳ logic sự kiện click nào trong code-behind ClassroomPage.xaml.cs."
,Functional Testing,Lưu trạng thái bắt đầu lớp học,,Kiểm tra trạng thái lớp học khi chuyển trang khác,"1. Vào mục “Phiên dạy”
2. Bấm “Bắt đầu lớp”
3. Chuyển sang mục khác
4. Quay lại “Phiên dạy”","Trạng thái lớp học vẫn được giữ nguyên, tiếp tục tính thời gian và có thể tiếp tục dạy","Trạng thái “Bắt đầu lớp” bị reset, người dùng phải bấm “Bắt đầu lớp” lại nếu muốn tiếp tục dạy",State lớp học chưa được lưu  khi chuyển giữa các module,,CHƯA SỬA,"Trạng thái bắt đầu tiết học và timer được quản lý cục bộ trong ClassroomPage.xaml.cs. Khi người dùng chuyển sang tab/trang khác, trang cũ bị hủy giải phóng bộ nhớ, làm reset hoàn toàn trạng thái phiên dạy."
giám sát MH học sinh,Functional Testing,Chức năng gửi tin nhắn và phát màn hình GV,Giám sát màn hình học sinh,Kiểm tra chức năng tương tác với máy học sinh,"1. Vào mục “Giám sát MH học sinh”
2. Bấm “Gửi tin nhắn”
3. Bấm “Phát màn hình GV”",Học sinh phải nhận được tin nhắn và xem được màn hình giáo viên,"Phía học sinh không nhận được tin nhắn, chức năng phát màn hình GV cũng không hiển thị gì",Có thể lỗi kết nối client hoặc chưa xử lý truyền dữ liệu sang máy học sinh,,CHƯA SỬA,"Phía client học sinh (StudentShell) chưa cài đặt cơ chế lắng nghe, nhận dữ liệu và kích hoạt giao diện trình chiếu màn hình giáo viên hay tin nhắn cảnh báo từ mạng truyền tới."
,Functional Testing,Lưu trạng thái bắt đầu lớp học,,Kiểm tra chức năng lọc cảnh báo,"1. Gửi cảnh báo cá nhân cho học sinh “Đinh Thị Mỹ Lệ” hoặc “Tô Minh Nhân”
2. Chọn bộ lọc “Cảnh báo”",Hệ thống phải hiển thị các học sinh đã nhận cảnh báo,Bộ lọc “Cảnh báo” không hiển thị học sinh nào dù đã gửi cảnh báo thành công,Logic filter cảnh báo chưa hoạt động đúng hoặc chưa cập nhật trạng thái cảnh báo,,CHƯA SỬA,"Trong MonitorPage.xaml.cs, bộ lọc 'Cảnh báo' chỉ kiểm tra số lần vi phạm lý thuyết của học sinh mà không lọc theo danh sách các học sinh đã nhận cảnh báo cá nhân từ giáo viên trong phiên hiện tại."
